create table t1 (
pk int not null, 
a varchar(64),
b varchar(64),
c varchar(64)
) engine=innodb;
insert into t1 select
seq, seq, seq, seq
from
seq_1_to_10000;
# Note the r_engine_stats below.  Only non-zero members are printed
select '$out' as X;
X
{
  "query_optimization": {
    "r_total_time_ms": "REPLACED"
  },
  "query_block": {
    "select_id": 1,
    "r_loops": 1,
    "r_total_time_ms": "REPLACED",
    "nested_loop": [
      {
        "table": {
          "table_name": "t1",
          "access_type": "ALL",
          "r_loops": 1,
          "rows": 10000,
          "r_rows": 10000,
          "r_table_time_ms": "REPLACED",
          "r_other_time_ms": "REPLACED",
          "r_engine_stats": {
            "pages_accessed": "REPLACED"
          },
          "filtered": 100,
          "r_filtered": 100,
          "attached_condition": "t1.pk < 120000"
        }
      }
    ]
  }
}
set @js='$out';
set @out=(select json_extract(@js,'$**.r_engine_stats.pages_accessed'));
select cast(json_extract(@out,'$[0]') as DOUBLE) > 0 as PAGES_ACCESSED_MORE_THAN_ZERO;
PAGES_ACCESSED_MORE_THAN_ZERO
1
#
# Try an UPDATE
#
select '$out' as X;
X
{
  "query_optimization": {
    "r_total_time_ms": "REPLACED"
  },
  "query_block": {
    "select_id": 1,
    "r_total_time_ms": "REPLACED",
    "table": {
      "update": 1,
      "table_name": "t1",
      "access_type": "ALL",
      "rows": 10000,
      "r_rows": 10000,
      "r_filtered": 100,
      "r_total_time_ms": "REPLACED",
      "r_engine_stats": {
        "pages_accessed": "REPLACED",
        "pages_updated": "REPLACED"
      },
      "attached_condition": "t1.pk < 120000"
    }
  }
}
set @js='$out';
set @out=(select json_extract(@js,'$**.r_engine_stats.pages_updated'));
select cast(json_extract(@out,'$[0]') as DOUBLE) > 0 as PAGES_UPDATED_MORE_THAN_ZERO;
PAGES_UPDATED_MORE_THAN_ZERO
1
#
# Try a DELETE
#
select '$out' as X;
X
{
  "query_optimization": {
    "r_total_time_ms": "REPLACED"
  },
  "query_block": {
    "select_id": 1,
    "r_total_time_ms": "REPLACED",
    "table": {
      "delete": 1,
      "table_name": "t1",
      "access_type": "ALL",
      "rows": 10000,
      "r_rows": 10000,
      "r_filtered": 50,
      "r_total_time_ms": "REPLACED",
      "r_engine_stats": {
        "pages_accessed": "REPLACED",
        "pages_updated": "REPLACED"
      },
      "attached_condition": "t1.pk MOD 2 = 1"
    }
  }
}
set @js='$out';
set @out=(select json_extract(@js,'$**.r_engine_stats.pages_updated'));
select cast(json_extract(@out,'$[0]') as DOUBLE) > 0 as PAGES_UPDATED_MORE_THAN_ZERO;
PAGES_UPDATED_MORE_THAN_ZERO
1
drop table t1;
