create table t1 (
pk int not null, 
a varchar(64),
b varchar(64),
c varchar(64)
) engine=innodb;
insert into t1 select
seq, seq, seq, seq
from
seq_1_to_10000;
# Note the r_engine_stats below.  Only non-zero members are printed
ANALYZE FORMAT=json_ext 
select * from t1 where pk < 120000;
ANALYZE
{
  "query_optimization": {
    "r_total_time_ms": "REPLACED"
  },
  "query_block": {
    "select_id": 1,
    "r_loops": 1,
    "r_total_time_ms": "REPLACED",
    "nested_loop": [
      {
        "table": {
          "table_name": "t1",
          "access_type": "ALL",
          "r_loops": 1,
          "rows": 10000,
          "r_rows": 10000,
          "r_table_time_ms": "REPLACED",
          "r_other_time_ms": "REPLACED",
          "r_engine_stats": {
            "pages_accessed": 31
          },
          "filtered": 100,
          "r_filtered": 100,
          "attached_condition": "t1.pk < 120000"
        }
      }
    ]
  }
}
drop table t1;
