CREATE TABLE t ( x VARCHAR ( 1 ) ) ;
INSERT INTO t VALUES ( 'y' ) , ( NULL ) ;
SELECT x FROM t GROUP BY x HAVING x >= ( x = x ) AND x = ( SELECT x FROM t GROUP BY x ORDER BY x );
ERROR 21000: Subquery returns more than 1 row
drop table t;
