SET time_zone='+02:00';
SELECT TIMESTAMP'2001-01-01 10:00:00Z';
TIMESTAMP'2001-01-01 10:00:00Z'
2001-01-01 12:00:00
EXPLAIN EXTENDED SELECT TIMESTAMP'2001-01-01 00:00:00Z' AS a;
id	select_type	table	type	possible_keys	key	key_len	ref	rows	filtered	Extra
1	SIMPLE	NULL	NULL	NULL	NULL	NULL	NULL	NULL	NULL	No tables used
Warnings:
Note	1003	select TIMESTAMP'2001-01-01 00:00:00Z' AS `a`
SELECT TIMESTAMP'2038-01-19 03:14:07Z';
TIMESTAMP'2038-01-19 03:14:07Z'
2038-01-19 05:14:07
SELECT TIMESTAMP'2038-01-19 03:14:08Z';
ERROR HY000: Incorrect TIMESTAMP value: '2038-01-19 03:14:08Z'
SELECT TIMESTAMP'9999-01-01 00:00:00Z';
ERROR HY000: Incorrect TIMESTAMP value: '9999-01-01 00:00:00Z'
SELECT CAST(TIMESTAMP'2001-01-01 10:00:00Z' AS DATETIME) AS c1,
CAST(COALESCE(TIMESTAMP'2001-01-01 10:00:00Z') AS DATETIME) AS c2;
c1	c2
2001-01-01 10:00:00	2001-01-01 10:00:00
CREATE TABLE t1 (id INT NOT NULL PRIMARY KEY, ts TIMESTAMP);
INSERT INTO t1 VALUES (1, '2001-01-01 10:00:00');
INSERT INTO t1 VALUES (2, '2001-01-01 10:00:00Z');
SELECT * FROM t1;
id	ts
1	2001-01-01 10:00:00
2	2001-01-01 12:00:00
SELECT * FROM t1 WHERE ts='2001-01-01 10:00:00';
id	ts
1	2001-01-01 10:00:00
SELECT * FROM t1 WHERE ts='2001-01-01 10:00:00Z';
id	ts
2	2001-01-01 12:00:00
EXPLAIN EXTENDED SELECT * FROM t1 WHERE ts='2001-01-01 10:00:00Z';
id	select_type	table	type	possible_keys	key	key_len	ref	rows	filtered	Extra
1	SIMPLE	t1	ALL	NULL	NULL	NULL	NULL	2	100.00	Using where
Warnings:
Note	1003	select `test`.`t1`.`id` AS `id`,`test`.`t1`.`ts` AS `ts` from `test`.`t1` where `test`.`t1`.`ts` = TIMESTAMP'2001-01-01 10:00:00Z'
DROP TABLE t1;
CREATE TABLE t1 (
id INT NOT NULL PRIMARY KEY,
ts TIMESTAMP DEFAULT (COALESCE(TIMESTAMP'2001-01-01 10:00:00Z'))
);
SHOW CREATE TABLE t1;
Table	Create Table
t1	CREATE TABLE `t1` (
  `id` int(11) NOT NULL,
  `ts` timestamp NULL DEFAULT coalesce(TIMESTAMP'2001-01-01 10:00:00Z'),
  PRIMARY KEY (`id`)
) ENGINE=MyISAM DEFAULT CHARSET=latin1 COLLATE=latin1_swedish_ci
CREATE VIEW v1 AS
SELECT id, ts, COALESCE(ts, TIMESTAMP'2001-01-01 10:00:00Z') AS ts2
FROM t1;
SHOW CREATE VIEW v1;
View	Create View	character_set_client	collation_connection
v1	CREATE ALGORITHM=UNDEFINED DEFINER=`root`@`localhost` SQL SECURITY DEFINER VIEW `v1` AS select `t1`.`id` AS `id`,`t1`.`ts` AS `ts`,coalesce(`t1`.`ts`,TIMESTAMP'2001-01-01 10:00:00Z') AS `ts2` from `t1`	latin1	latin1_swedish_ci
DROP VIEW v1;
DROP TABLE t1;
CREATE TABLE t1 (
ts TIMESTAMP,
ts2 TIMESTAMP AS (COALESCE(ts, TIMESTAMP'2001-01-01 10:00:00Z'))
);
SHOW CREATE TABLE t1;
Table	Create Table
t1	CREATE TABLE `t1` (
  `ts` timestamp NULL DEFAULT NULL,
  `ts2` timestamp GENERATED ALWAYS AS (coalesce(`ts`,TIMESTAMP'2001-01-01 10:00:00Z')) VIRTUAL
) ENGINE=MyISAM DEFAULT CHARSET=latin1 COLLATE=latin1_swedish_ci
DROP TABLE t1;
CREATE TABLE t1 (id INT NOT NULL PRIMARY KEY, dt DATETIME);
INSERT INTO t1 VALUES (1, '2001-01-01 10:00:00');
INSERT INTO t1 VALUES (2, '2001-01-01 10:00:00Z');
SELECT * FROM t1;
id	dt
1	2001-01-01 10:00:00
2	2001-01-01 10:00:00
SELECT * FROM t1 WHERE dt='2001-01-01 10:00:00';
id	dt
1	2001-01-01 10:00:00
2	2001-01-01 10:00:00
SELECT * FROM t1 WHERE dt='2001-01-01 10:00:00Z';
id	dt
1	2001-01-01 10:00:00
2	2001-01-01 10:00:00
EXPLAIN EXTENDED SELECT * FROM t1 WHERE dt='2001-01-01 10:00:00Z';
id	select_type	table	type	possible_keys	key	key_len	ref	rows	filtered	Extra
1	SIMPLE	t1	ALL	NULL	NULL	NULL	NULL	2	100.00	Using where
Warnings:
Note	1003	select `test`.`t1`.`id` AS `id`,`test`.`t1`.`dt` AS `dt` from `test`.`t1` where `test`.`t1`.`dt` = TIMESTAMP'2001-01-01 10:00:00'
DROP TABLE t1;
SELECT TIMESTAMP'2001-01-01 10:00:00Z' AS c1,
COALESCE(TIMESTAMP'2001-01-01 10:00:00Z') AS c2;
c1	c2
2001-01-01 12:00:00	2001-01-01 12:00:00
CREATE TABLE t1 AS
SELECT TIMESTAMP'2001-01-01 10:00:00Z' AS c1,
COALESCE(TIMESTAMP'2001-01-01 10:00:00Z') AS c2;
SHOW CREATE TABLE t1;
Table	Create Table
t1	CREATE TABLE `t1` (
  `c1` timestamp NOT NULL,
  `c2` timestamp NOT NULL
) ENGINE=MyISAM DEFAULT CHARSET=latin1 COLLATE=latin1_swedish_ci
SELECT * FROM t1;
c1	c2
2001-01-01 12:00:00	2001-01-01 12:00:00
DROP TABLE t1;
