set default_storage_engine=innodb;
create table t1 (id int primary key, id2 int as (id) virtual, key id2 (id2));
create table t2 (id int key, constraint fk_id foreign key (id) references t1 (id) on delete cascade);
insert into t1 (id) values (1), (2);
insert into t2 (id) values (1), (2);
delete from t1;
select * from t1;
id	id2
select * from t2;
id
drop table t2;
drop table t1;
#
# End of 10.2 tests
#
#
# MDEV-18114 Foreign Key Constraint actions don't affect Virtual Column
#
create table t1 (id int primary key);
create or replace table t2 (id int, id2 int as (id) virtual, key(id2), foreign key (id) references t1 (id) on update restrict);
create or replace table t2 (id int, id2 int as (id) virtual, key(id2), foreign key (id) references t1 (id) on update no action);
create or replace table t2 (id int, id2 int as (id) virtual, key(id2), foreign key (id) references t1 (id) on delete cascade);
create or replace table t2 (id int, id2 int as (id) virtual, key(id2), foreign key (id) references t1 (id) on update cascade);
create or replace table t2 (id int, id2 int as (id) virtual, key(id2), foreign key (id) references t1 (id) on delete set null);
create or replace table t2 (id int, id2 int as (id) virtual, key(id2), foreign key (id) references t1 (id) on update set null);
create or replace table t2 (id int, id2 int as (id) stored, foreign key (id) references t1 (id) on update restrict);
create or replace table t2 (id int, id2 int as (id) stored, foreign key (id) references t1 (id) on update no action);
create or replace table t2 (id int, id2 int as (id) stored, foreign key (id) references t1 (id) on delete cascade);
create or replace table t2 (id int, id2 int as (id) stored, foreign key (id) references t1 (id) on update cascade);
ERROR HY000: Function or expression 'id' cannot be used in the GENERATED ALWAYS AS clause of `id2`
create or replace table t2 (id int, id2 int as (id) stored, foreign key (id) references t1 (id) on delete set null);
ERROR HY000: Function or expression 'id' cannot be used in the GENERATED ALWAYS AS clause of `id2`
create or replace table t2 (id int, id2 int as (id) stored, foreign key (id) references t1 (id) on update set null);
ERROR HY000: Function or expression 'id' cannot be used in the GENERATED ALWAYS AS clause of `id2`
create or replace table t2 (id int, id2 int as (id) virtual, id3 int as (id2) stored, foreign key (id) references t1 (id) on update restrict);
create or replace table t2 (id int, id2 int as (id) virtual, id3 int as (id2) stored, foreign key (id) references t1 (id) on update no action);
create or replace table t2 (id int, id2 int as (id) virtual, id3 int as (id2) stored, foreign key (id) references t1 (id) on delete cascade);
create or replace table t2 (id int, id2 int as (id) virtual, id3 int as (id2) stored, foreign key (id) references t1 (id) on update cascade);
ERROR HY000: Function or expression 'id2' cannot be used in the GENERATED ALWAYS AS clause of `id3`
create or replace table t2 (id int, id2 int as (id) virtual, id3 int as (id2) stored, foreign key (id) references t1 (id) on delete set null);
ERROR HY000: Function or expression 'id2' cannot be used in the GENERATED ALWAYS AS clause of `id3`
create or replace table t2 (id int, id2 int as (id) virtual, id3 int as (id2) stored, foreign key (id) references t1 (id) on update set null);
ERROR HY000: Function or expression 'id2' cannot be used in the GENERATED ALWAYS AS clause of `id3`
create or replace table t2 (id int, id2 int default (id), foreign key (id) references t1 (id) on update restrict);
create or replace table t2 (id int, id2 int default (id), foreign key (id) references t1 (id) on update no action);
create or replace table t2 (id int, id2 int default (id), foreign key (id) references t1 (id) on delete cascade);
create or replace table t2 (id int, id2 int default (id), foreign key (id) references t1 (id) on update cascade);
create or replace table t2 (id int, id2 int default (id), foreign key (id) references t1 (id) on delete set null);
create or replace table t2 (id int, id2 int default (id), foreign key (id) references t1 (id) on update set null);
create or replace table t2 (id int, id2 int check (id), foreign key (id) references t1 (id) on update restrict);
create or replace table t2 (id int, id2 int check (id), foreign key (id) references t1 (id) on update no action);
create or replace table t2 (id int, id2 int check (id), foreign key (id) references t1 (id) on delete cascade);
create or replace table t2 (id int, id2 int check (id), foreign key (id) references t1 (id) on update cascade);
ERROR HY000: Function or expression 'id' cannot be used in the CHECK clause of `id2`
create or replace table t2 (id int, id2 int check (id), foreign key (id) references t1 (id) on delete set null);
ERROR HY000: Function or expression 'id' cannot be used in the CHECK clause of `id2`
create or replace table t2 (id int, id2 int check (id), foreign key (id) references t1 (id) on update set null);
ERROR HY000: Function or expression 'id' cannot be used in the CHECK clause of `id2`
create or replace table t2 (id int, id2 int, check (id), foreign key (id) references t1 (id) on update restrict);
create or replace table t2 (id int, id2 int, check (id), foreign key (id) references t1 (id) on update no action);
create or replace table t2 (id int, id2 int, check (id), foreign key (id) references t1 (id) on delete cascade);
create or replace table t2 (id int, id2 int, check (id), foreign key (id) references t1 (id) on update cascade);
ERROR HY000: Function or expression 'id' cannot be used in the CHECK clause of `CONSTRAINT_1`
create or replace table t2 (id int, id2 int, check (id), foreign key (id) references t1 (id) on delete set null);
ERROR HY000: Function or expression 'id' cannot be used in the CHECK clause of `CONSTRAINT_1`
create or replace table t2 (id int, id2 int, check (id), foreign key (id) references t1 (id) on update set null);
ERROR HY000: Function or expression 'id' cannot be used in the CHECK clause of `CONSTRAINT_1`
create or replace table t2 (id int, id2 int as (id) virtual, check (id2), foreign key (id) references t1 (id) on update restrict);
create or replace table t2 (id int, id2 int as (id) virtual, check (id2), foreign key (id) references t1 (id) on update no action);
create or replace table t2 (id int, id2 int as (id) virtual, check (id2), foreign key (id) references t1 (id) on delete cascade);
create or replace table t2 (id int, id2 int as (id) virtual, check (id2), foreign key (id) references t1 (id) on update cascade);
ERROR HY000: Function or expression 'id2' cannot be used in the CHECK clause of `CONSTRAINT_1`
create or replace table t2 (id int, id2 int as (id) virtual, check (id2), foreign key (id) references t1 (id) on delete set null);
ERROR HY000: Function or expression 'id2' cannot be used in the CHECK clause of `CONSTRAINT_1`
create or replace table t2 (id int, id2 int as (id) virtual, check (id2), foreign key (id) references t1 (id) on update set null);
ERROR HY000: Function or expression 'id2' cannot be used in the CHECK clause of `CONSTRAINT_1`
drop table if exists t2, t1;
Warnings:
Note	1051	Unknown table 'test.t2'
#
# MDEV-31853 Assertion failure in Column_definition::check_vcol_for_key upon adding FK
#
create table t (a int, b int, c int generated always as (a), key(b), key(c));
alter table t add foreign key (a) references t (b) on update set null, algorithm=nocopy;
ERROR 0A000: ALGORITHM=NOCOPY is not supported. Reason: Adding foreign keys needs foreign_key_checks=OFF. Try ALGORITHM=COPY
alter table t add foreign key (a) references t (b);
show create table t;
Table	Create Table
t	CREATE TABLE `t` (
  `a` int(11) DEFAULT NULL,
  `b` int(11) DEFAULT NULL,
  `c` int(11) GENERATED ALWAYS AS (`a`) VIRTUAL,
  KEY `b` (`b`),
  KEY `c` (`c`),
  KEY `a` (`a`),
  CONSTRAINT `t_ibfk_1` FOREIGN KEY (`a`) REFERENCES `t` (`b`)
) ENGINE=InnoDB DEFAULT CHARSET=latin1 COLLATE=latin1_swedish_ci
drop table t;
#
# End of 10.5 tests
#
#
# MDEV-29181 Potential corruption on FK update on a table with vcol index
#
connect  con2, localhost, root,,;
connection default;
create table t1 (a int primary key);
insert into t1(a) select * from seq_1_to_2048;
create table t2 (a int,  b int as (a), key(b), foreign key (a) references t1 (a)
on update cascade);
insert into t2(a) select * from seq_1_to_2048;
update t1 set a = a - 100000 where a < 1024;
connection con2;
set lock_wait_timeout =1;
update t1 set a= a + 1000000 where a > 1024;
connection default;
# LOAD DATA + VIEW
create view v1 as select a as va from t1;
select * into outfile 't1_out' from t1 where a = 1000000 + 2000;
load data infile 't1_out' replace into table v1;
ERROR 23000: Cannot delete or update a parent row: a foreign key constraint fails (`test`.`t2`, CONSTRAINT `t2_ibfk_1` FOREIGN KEY (`a`) REFERENCES `t1` (`a`) ON UPDATE CASCADE)
drop view v1;
drop table t2, t1;
disconnect con2;
# DROP FOREIGN KEY while concurrent prelocking is not finished
create table t1 (pk int primary key, a int, key(a)) engine=innodb;
create table t2 (pk int, b int references t1(a)
on delete cascade on update cascade) engine=innodb;
create table t3 (c int, foreign key(c) references t1(a)) engine=innodb;
insert into t1 values (1, 1), (2, 1), (3, 1);
insert into t2 values (1, 1);
connect  con1,localhost,root,,test;
update t1 set a = 6;
connection default;
alter table t2 add key(pk), drop foreign key t2_ibfk_1,
algorithm=inplace, lock=none;
connection con1;
connection default;
drop table t2, t3, t1;
# UPDATE is started, but FK is ADDed concurrently
create table t1 (pk int primary key, a int, key(a)) engine=innodb;
create table t2 (b int) engine=innodb;
insert into t1 select *, 1 from seq_1_to_300;
insert into t2 values (1);
connection con1;
update t1 set a = 6;
connection default;
set foreign_key_checks=off;
alter table t2 add foreign key(b) references t1(a)
on delete cascade on update cascade,
algorithm=inplace, lock=none;
connection con1;
connection default;
disconnect con1;
drop table t2, t1;
#
# End of 10.5 tests
#
